{
  "0": 0.7376165847040869,
  "1": 1.552115113561348
}